head1,head2,head3
data1_1,data1_2,data1_3
data2_1,data2_2,data2_3
data1_1,data1_2,data1_3
data2_1,data2_2,data2_3
data1_1,data1_2,data1_3
data2_1,data2_2,data2_3
data1_1,data1_2,data1_3
data2_1,data2_2,data2_3
data1_1,data1_2,data1_3
data2_1,data2_2,data2_3
data1_1,data1_2,data1_3
data2_1,data2_2,data2_3
data1_1,data1_2,data1_3
data2_1,data2_2,data2_3
data1_1,data1_2,data1_3
data2_1,data2_2,data2_3
data1_1,data1_2,data1_3
data2_1,data2_2,data2_3
data1_1,data1_2,data1_3
data2_1,data2_2,data2_3
data1_1,data1_2,data1_3
data2_1,data2_2,data2_3
data1_1,data1_2,data1_3
data2_1,data2_2,data2_3
data1_1,data1_2,data1_3
data2_1,data2_2,data2_3
data1_1,data1_2,data1_3
data2_1,data2_2,data2_3
data1_1,data1_2,data1_3
data2_1,data2_2,data2_3
data1_1,data1_2,data1_3
data2_1,data2_2,data2_3
